aX,aY,aZ,gX,gY,gZ
0.365,1.861,1.065,73.669,-55.725,-33.508
0.626,1.982,1.278,92.712,-68.848,-54.565
0.940,1.915,1.523,107.300,-79.224,-79.285
1.365,1.751,1.814,114.563,-94.788,-97.717
1.856,1.675,2.156,111.145,-115.540,-99.609
1.990,1.625,2.471,91.064,-135.559,-71.594
1.764,1.722,2.564,55.420,-142.883,-19.836
1.267,1.838,2.400,22.461,-109.558,35.095
0.716,1.826,2.192,0.610,-24.109,85.571
0.246,1.779,1.922,-20.630,76.416,132.202
-0.294,1.646,1.503,-53.162,146.057,174.194
-1.184,1.532,0.948,-109.741,172.302,206.787
-2.474,1.323,-0.058,-180.847,174.988,231.873
-3.599,0.413,-0.810,-217.346,182.312,216.553
-3.947,-0.624,-0.939,-210.083,176.636,139.221
-3.495,-1.664,-1.112,-199.036,123.901,26.611
-2.686,-3.013,-1.342,-177.124,49.255,-103.271
-1.388,-4.000,-1.493,-109.436,-5.005,-232.971
0.565,-4.000,-0.799,60.974,-50.293,-337.097
2.356,-4.000,1.011,311.157,-137.207,-369.324
3.180,-4.000,3.663,507.812,-333.923,-324.646
3.712,-4.000,4.000,533.264,-615.662,-216.553
2.868,-3.193,4.000,394.226,-744.324,-95.764
2.377,-2.685,4.000,153.259,-489.990,-25.940
1.810,-2.671,3.125,-117.065,-19.592,21.362
0.466,-2.545,1.781,-282.288,314.453,100.098
-1.323,-2.193,0.628,-305.542,439.209,159.302
-2.482,-1.006,-0.209,-237.244,404.480,167.603
-2.401,-0.439,-0.340,-163.574,284.119,165.100
-2.260,-0.146,-0.473,-120.789,128.052,130.676
-1.782,0.088,-0.589,-108.215,9.460,71.045
-1.140,-0.055,-0.518,-95.276,-18.494,31.311
-0.725,-0.039,-0.329,-68.726,12.756,25.635
-0.643,0.166,-0.222,-44.373,46.265,46.509
-0.629,0.257,-0.123,-31.067,53.528,62.805
-0.559,0.256,0.081,-21.240,34.302,57.800
-0.424,0.266,0.266,-12.024,-3.906,41.138
-0.273,0.178,0.434,-3.723,-41.992,25.513
-0.143,0.016,0.651,7.507,-59.143,12.268
-0.028,-0.133,0.885,20.203,-51.086,-0.183
0.092,-0.288,1.116,29.907,-27.527,-8.728
0.266,-0.425,1.329,32.104,-3.296,-9.827
0.366,-0.481,1.432,22.888,12.634,-0.061
0.387,-0.462,1.400,4.089,21.606,16.296
0.362,-0.381,1.276,-12.268,26.733,29.053
0.328,-0.301,1.186,-21.606,30.640,34.668
0.280,-0.236,1.120,-26.428,30.701,37.170
0.221,-0.178,1.061,-32.959,24.902,38.269
0.154,-0.118,0.985,-37.964,17.822,37.292
0.068,-0.069,0.938,-36.255,12.634,34.668
-0.001,-0.046,0.939,-28.809,10.742,32.471
-0.059,-0.032,0.978,-20.142,8.545,27.954
-0.088,-0.034,0.990,-16.785,2.808,21.362
-0.083,-0.056,1.002,-15.503,-4.211,13.428
-0.061,-0.091,1.020,-12.573,-10.071,7.080
-0.040,-0.072,1.032,-7.141,-11.780,3.723
-0.031,-0.079,1.055,-1.465,-7.568,1.465
-0.007,-0.131,1.091,2.075,-3.296,-0.549
0.016,-0.139,1.101,3.113,-3.235,-3.601
0.015,-0.127,1.107,2.808,-5.005,-7.446
0.014,-0.102,1.105,2.441,-7.141,-9.888
0.019,-0.088,1.107,1.038,-7.935,-10.864
0.014,-0.076,1.111,-0.916,-6.226,-10.742
0.027,-0.046,1.119,-1.038,0.244,-8.972
0.039,0.009,1.117,-1.404,9.766,-5.371
0.043,0.046,1.095,-4.028,18.494,-0.732
0.039,0.023,1.058,-7.568,23.499,2.563
0.041,0.023,1.024,-8.850,23.621,2.075
0.036,0.009,0.986,-9.155,17.090,-0.122
0.071,-0.001,0.963,-8.606,6.287,-2.258
0.093,0.003,0.957,-6.531,-3.845,-2.808
0.112,-0.016,0.984,-3.845,-7.996,-0.427
0.109,-0.019,1.010,-1.770,-6.409,4.456
0.120,-0.010,1.035,0.183,-0.916,7.874
0.122,0.007,1.048,1.099,6.470,8.301
0.133,0.043,1.032,1.160,14.160,8.728
0.123,0.076,1.015,1.038,21.545,11.902
0.106,0.109,1.007,0.244,25.452,14.893
0.109,0.127,1.004,-1.709,21.057,13.977
0.112,0.120,0.994,-5.432,8.728,9.705
0.126,0.101,0.983,-6.775,-4.700,3.235
0.146,0.094,0.996,-3.967,-13.245,-2.319
0.166,0.078,1.018,-0.427,-14.771,-3.845
0.174,0.056,1.043,1.221,-11.169,-2.075
0.173,0.060,1.056,0.732,-3.601,3.601
0.149,0.068,1.048,0.671,5.127,11.414
0.126,0.056,1.062,1.709,12.512,15.503
0.105,0.044,1.078,2.014,14.771,14.709
0.098,0.014,1.098,0.916,10.986,9.277
0.093,-0.004,1.113,-1.526,2.930,2.319
0.096,-0.012,1.117,-4.578,-5.188,-3.723
0.092,-0.031,1.097,-7.874,-10.193,-8.301
0.091,-0.035,1.074,-8.240,-10.315,-10.315
0.098,-0.039,1.074,-5.920,-4.883,-9.705
0.097,-0.039,1.082,-4.150,2.441,-6.714
0.082,-0.038,1.073,-4.944,9.216,-3.784
0.065,-0.042,1.044,-8.118,13.733,-2.380
0.061,-0.042,1.002,-9.888,14.465,-3.113
0.077,-0.051,0.983,-8.850,12.207,-4.944
0.092,-0.067,0.976,-7.080,9.338,-5.920
0.106,-0.079,0.984,-4.822,7.690,-5.676
0.113,-0.087,0.991,-3.052,9.888,-5.310
0.124,-0.098,0.997,-2.808,13.367,-4.578
0.138,-0.120,0.999,-3.845,15.076,-3.845
0.144,-0.134,0.991,-4.517,13.306,-3.906
0.154,-0.148,0.985,-4.822,8.850,-4.028
0.164,-0.159,0.990,-4.150,3.967,-3.723
0.165,-0.163,1.000,-3.601,-0.305,-2.747
0.162,-0.175,1.008,-2.869,-2.686,-1.709
0.168,-0.185,1.021,-1.770,-3.540,-1.404
0.169,-0.189,1.030,-0.366,-2.686,-0.732
0.160,-0.188,1.030,0.671,0.000,0.610
0.152,-0.195,1.028,1.770,3.906,2.014
0.139,-0.195,1.034,2.625,6.470,3.113
0.118,-0.196,1.037,2.686,6.714,3.540
0.109,-0.188,1.043,2.075,5.249,2.930
0.098,-0.176,1.034,0.244,1.770,1.160
0.100,-0.180,1.021,-1.404,-1.892,-0.488
0.110,-0.176,1.013,-0.916,-4.211,-1.709

0.613,1.198,1.276,8.728,1.831,25.940
0.719,1.625,1.353,15.686,-19.775,36.072
0.783,2.086,1.490,26.428,-47.729,47.546
0.756,2.542,1.689,39.001,-75.500,58.960
0.658,2.903,1.854,46.875,-94.727,69.275
0.564,3.202,1.901,45.715,-95.276,76.599
0.514,3.412,1.821,34.729,-70.190,81.909
0.349,3.486,1.566,16.541,-28.992,86.792
-0.011,3.363,1.173,-5.737,16.235,98.328
-0.592,3.061,0.740,-25.635,55.115,115.906
-1.402,2.649,0.292,-39.673,71.899,128.235
-2.509,2.004,-0.138,-46.509,69.214,117.004
-3.515,1.013,-0.409,-46.021,67.383,74.951
-4.000,-0.273,-0.674,-35.217,64.392,5.676
-4.000,-2.106,-0.935,-10.742,60.181,-101.440
-3.443,-4.000,-1.185,31.982,53.345,-247.803
-0.961,-4.000,-0.441,143.616,26.550,-432.434
1.965,-4.000,1.520,325.256,-59.692,-578.003
4.000,-4.000,2.942,380.615,-218.933,-538.696
4.000,-4.000,3.267,232.727,-326.050,-361.206
4.000,-4.000,2.729,74.036,-146.484,-164.124
3.341,-4.000,2.028,-44.617,229.431,24.475
1.095,-3.959,1.077,-148.010,441.895,183.228
-0.752,-3.041,0.338,-208.679,417.603,270.874
-1.695,-2.080,-0.263,-200.012,218.445,262.329
-2.209,-1.139,-0.592,-165.405,1.770,213.623
-2.283,-0.521,-0.543,-119.568,-98.694,163.208
-2.045,-0.312,-0.278,-78.552,-83.252,111.572
-1.616,-0.196,-0.069,-57.190,-39.978,59.509
-1.103,-0.084,0.017,-48.828,-25.757,33.020
-0.770,0.111,0.116,-35.706,-36.194,41.870
-0.725,0.341,0.321,-13.916,-47.058,60.242
-0.693,0.496,0.569,5.554,-51.697,64.270
-0.622,0.550,0.794,21.057,-57.190,50.354
-0.490,0.505,0.948,31.738,-64.087,29.846
-0.342,0.405,1.125,42.175,-66.956,11.169
-0.170,0.252,1.319,53.040,-63.904,-2.563
0.004,0.133,1.484,57.434,-56.580,-13.855
0.177,0.032,1.576,52.612,-43.823,-19.043
0.308,-0.050,1.573,39.978,-27.832,-16.785
0.413,-0.111,1.476,23.376,-14.954,-13.123
0.497,-0.142,1.349,8.972,-7.935,-9.888
0.544,-0.124,1.237,2.441,-4.761,-6.470
0.537,-0.085,1.163,1.404,-2.991,-2.136
0.478,-0.026,1.112,0.366,-1.038,1.587
0.399,0.029,1.097,-1.709,2.930,4.700
0.309,0.071,1.092,-6.836,7.385,7.935
0.228,0.075,1.051,-14.709,9.583,10.864
0.143,0.062,1.000,-21.057,10.315,10.559
0.103,0.015,0.971,-22.522,10.010,7.446
0.100,0.002,0.965,-20.874,9.216,1.465
0.111,-0.018,0.998,-17.456,8.911,-3.479
0.123,-0.047,1.037,-13.245,10.498,-6.836
0.173,-0.092,1.075,-10.132,11.780,-10.803
0.224,-0.130,1.129,-7.812,11.719,-12.024
0.248,-0.126,1.156,-6.653,13.123,-8.423
0.232,-0.120,1.167,-6.775,18.372,-3.479
0.223,-0.135,1.151,-8.850,24.902,-1.526
0.226,-0.134,1.120,-10.315,27.100,-1.892
0.242,-0.131,1.089,-10.376,24.902,-2.014
0.230,-0.130,1.066,-10.376,18.982,-1.282
0.228,-0.134,1.044,-10.498,14.282,-1.404
0.231,-0.150,1.019,-9.827,12.512,-2.563
0.239,-0.142,1.004,-6.653,12.634,-3.906
0.240,-0.145,1.007,-3.296,14.709,-3.174
0.253,-0.167,1.013,-3.052,16.113,-0.732
0.259,-0.170,1.041,-3.723,15.076,4.395
0.228,-0.162,1.064,-4.822,13.611,11.169
0.205,-0.142,1.089,-5.310,14.526,14.832
0.201,-0.140,1.106,-6.714,15.442,15.747
0.188,-0.114,1.097,-8.850,14.404,15.564
0.171,-0.081,1.079,-10.559,12.573,15.564
0.151,-0.055,1.042,-11.597,10.925,15.808
0.134,-0.051,1.006,-10.864,10.498,15.869
0.115,-0.046,0.977,-9.094,10.986,15.686
0.101,-0.033,0.956,-7.324,10.925,15.015
0.091,-0.041,0.940,-6.348,10.132,14.404
0.082,-0.056,0.945,-5.737,8.972,13.428
0.078,-0.061,0.949,-5.920,9.888,13.489
0.068,-0.054,0.945,-6.897,11.719,13.855
0.072,-0.046,0.950,-7.446,11.963,12.939
0.082,-0.032,0.944,-7.507,7.263,10.437
0.091,-0.025,0.934,-6.714,1.648,7.507
0.099,-0.022,0.927,-4.700,-0.977,5.432
0.120,-0.045,0.941,-2.319,0.000,4.456
0.138,-0.070,0.966,-0.732,0.732,3.418
0.157,-0.087,0.991,-1.099,-0.793,2.991
0.154,-0.095,1.000,-2.502,-3.113,3.784
0.154,-0.099,1.003,-4.150,-3.052,4.883
0.149,-0.110,1.001,-5.127,-0.916,5.615
0.150,-0.116,0.998,-5.249,2.075,5.798
0.156,-0.115,0.992,-3.967,4.333,4.883
0.160,-0.116,0.980,-3.052,4.089,3.235
0.172,-0.125,0.985,-1.709,2.563,1.770
0.182,-0.132,0.996,-0.549,1.099,1.343
0.182,-0.140,0.999,-0.610,0.061,1.892
0.178,-0.149,1.001,-0.549,-0.244,2.380
0.173,-0.160,1.011,0.183,0.610,2.319
0.175,-0.171,1.023,1.099,1.892,2.197
0.173,-0.169,1.035,1.465,3.235,2.197
0.169,-0.166,1.044,0.916,4.333,2.991
0.167,-0.161,1.043,-0.183,3.479,3.113
0.162,-0.155,1.036,-1.709,1.770,2.869
0.157,-0.154,1.023,-2.808,0.916,2.136
0.159,-0.156,1.017,-2.075,1.709,1.038
0.157,-0.157,1.021,-0.610,3.906,1.160
0.149,-0.157,1.020,0.854,5.798,2.075
0.149,-0.158,1.027,3.052,7.324,1.953
0.155,-0.158,1.037,5.066,7.996,1.282
0.165,-0.164,1.055,6.226,7.690,1.221
0.174,-0.169,1.075,6.470,6.714,1.709
0.178,-0.168,1.096,5.188,5.981,2.991
0.169,-0.166,1.102,2.136,5.432,4.639
0.159,-0.160,1.095,-1.160,4.639,5.249
0.153,-0.149,1.084,-3.052,3.784,5.371
0.144,-0.142,1.078,-3.601,3.540,5.249
0.133,-0.141,1.071,-3.479,4.211,4.639
0.131,-0.137,1.058,-3.479,4.761,4.150
0.132,-0.137,1.044,-2.991,4.089,3.052

0.673,1.030,1.503,4.822,-53.528,19.836
0.812,1.554,1.595,2.319,-78.308,25.818
0.938,2.232,1.670,5.066,-89.600,35.583
1.054,2.942,1.733,13.184,-78.613,49.561
1.258,3.483,1.737,22.766,-44.556,65.674
1.307,3.659,1.599,25.452,-0.977,72.449
1.113,3.584,1.359,15.747,41.321,75.439
0.768,3.377,1.067,-2.625,70.068,84.961
0.147,3.045,0.697,-29.541,68.298,98.511
-0.752,2.647,0.285,-57.861,42.847,109.497
-2.014,2.112,-0.181,-79.834,20.447,117.676
-3.264,1.270,-0.544,-92.957,28.992,124.329
-4.000,0.065,-0.594,-77.942,52.490,106.323
-4.000,-1.515,-0.692,-39.612,45.959,26.672
-4.000,-3.422,-1.022,10.620,6.042,-131.836
-3.040,-4.000,-0.829,129.700,-41.565,-352.173
-0.427,-4.000,0.556,340.698,-91.492,-554.199
1.774,-4.000,2.395,506.226,-162.048,-595.215
3.898,-4.000,3.352,460.999,-213.684,-468.079
4.000,-4.000,3.077,275.574,-161.011,-281.982
4.000,-4.000,2.738,119.080,103.760,-95.581
2.652,-3.855,1.994,-22.339,351.318,71.716
0.481,-3.375,1.100,-136.353,405.701,222.778
-1.034,-2.471,0.531,-185.425,302.063,281.372
-1.743,-1.619,-0.072,-173.462,101.501,257.446
-2.160,-0.750,-0.505,-147.766,-51.514,214.172
-2.030,-0.314,-0.436,-106.934,-90.698,173.950
-1.767,-0.162,-0.159,-67.444,-66.711,135.925
-1.319,-0.035,0.071,-43.579,-42.847,104.126
-0.912,0.098,0.199,-28.015,-31.860,86.609
-0.582,0.218,0.351,-14.221,-30.396,71.411
-0.382,0.279,0.545,0.732,-40.710,58.594
-0.315,0.289,0.738,15.320,-60.913,45.837
-0.287,0.286,0.866,25.146,-81.238,30.457
-0.218,0.249,1.002,31.189,-94.788,13.000
-0.139,0.181,1.166,33.752,-98.022,-0.244
-0.109,0.080,1.311,32.410,-91.370,-6.897
-0.038,-0.052,1.427,27.649,-75.745,-12.756
0.118,-0.178,1.488,20.264,-55.786,-16.052
0.221,-0.238,1.498,9.644,-38.513,-11.536
0.287,-0.238,1.398,-3.052,-25.085,-2.319
0.378,-0.177,1.257,-16.357,-12.878,5.249
0.436,-0.138,1.159,-23.315,-5.127,11.047
0.448,-0.094,1.094,-26.001,-5.005,14.282
0.429,-0.050,1.037,-29.541,-10.071,15.808
0.354,-0.020,0.963,-34.363,-13.000,16.357
0.270,-0.004,0.904,-34.607,-8.484,15.442
0.179,0.030,0.865,-30.640,0.183,14.709
0.092,0.060,0.832,-26.489,7.080,14.099
0.035,0.064,0.823,-21.851,10.132,10.803
0.025,0.049,0.821,-16.418,11.536,4.944
0.053,0.031,0.853,-10.620,12.390,-0.488
0.098,-0.020,0.917,-4.883,12.268,-4.578
0.174,-0.078,0.985,-2.686,11.597,-6.226
0.199,-0.134,0.997,-4.517,11.230,-3.479
0.205,-0.169,1.017,-4.578,15.076,-0.183
0.187,-0.193,1.048,-3.479,21.729,4.028
0.177,-0.214,1.059,-4.028,24.353,7.935
0.159,-0.211,1.054,-5.066,23.010,9.827
0.132,-0.198,1.051,-4.883,22.949,9.216
0.136,-0.187,1.054,-3.052,25.269,5.676
0.143,-0.200,1.041,-1.770,25.513,1.526
0.159,-0.232,1.037,0.244,23.193,-0.671
0.162,-0.247,1.038,2.014,22.217,-1.343
0.167,-0.271,1.027,2.869,23.987,-0.916
0.187,-0.296,1.037,3.357,26.611,1.038
0.203,-0.312,1.057,1.892,27.222,5.188
0.186,-0.315,1.042,-2.441,24.719,9.827
0.163,-0.292,1.016,-5.554,20.996,11.658
0.150,-0.266,1.019,-5.310,17.090,11.169
0.140,-0.243,1.045,-4.028,11.230,10.315
0.135,-0.238,1.066,-3.113,3.662,8.606
0.144,-0.229,1.083,-1.831,-0.793,5.432
0.129,-0.222,1.070,-0.488,0.610,3.906
0.126,-0.219,1.059,0.793,6.470,5.066
0.116,-0.210,1.038,1.587,11.414,7.263
0.103,-0.197,1.010,1.892,13.123,8.850
0.092,-0.182,0.993,2.380,12.573,8.301
0.102,-0.179,0.982,2.441,9.338,7.019
0.122,-0.186,0.973,2.197,3.540,5.249
0.143,-0.187,0.964,2.014,-2.319,3.418
0.163,-0.183,0.959,2.625,-5.432,2.197
0.161,-0.189,0.954,3.540,-4.639,2.136
0.177,-0.199,0.953,4.333,-1.160,3.723
0.193,-0.201,0.961,4.883,2.991,6.775
0.199,-0.213,0.976,4.028,6.836,10.803
0.190,-0.210,0.969,0.916,9.338,13.306
0.189,-0.204,0.961,-1.831,10.742,13.855
0.193,-0.212,0.954,-4.028,8.972,12.817
0.171,-0.211,0.950,-5.737,2.441,10.803
0.150,-0.204,0.927,-7.812,-4.028,7.141
0.152,-0.197,0.916,-7.446,-7.385,2.930
0.154,-0.199,0.933,-4.150,-7.751,1.526
0.150,-0.210,0.962,-1.709,-6.592,2.625
0.144,-0.218,0.977,-0.977,-5.127,4.028
0.135,-0.217,0.974,-1.282,-2.991,5.066
0.132,-0.219,0.978,0.000,0.000,5.554
0.133,-0.217,0.995,1.343,2.563,5.859
0.139,-0.219,1.001,0.854,3.784,5.920
0.138,-0.224,0.998,-0.305,3.113,5.676
0.154,-0.225,1.005,-0.366,2.380,5.188
0.161,-0.231,1.020,-0.122,1.892,5.066
0.164,-0.236,1.025,-0.671,1.709,4.944
0.164,-0.233,1.029,-1.160,1.770,4.883
0.163,-0.237,1.039,-0.793,2.441,4.456
0.161,-0.228,1.041,-0.549,3.784,3.845
0.161,-0.225,1.042,-0.244,5.676,3.662
0.160,-0.216,1.042,0.793,7.568,3.784
0.155,-0.208,1.050,1.709,9.583,3.967
0.154,-0.206,1.063,1.831,11.902,4.578
0.151,-0.206,1.067,0.244,13.062,5.127
0.149,-0.199,1.060,-2.014,12.695,5.920
0.146,-0.194,1.050,-4.028,10.620,5.859
0.148,-0.190,1.034,-5.005,8.118,4.883
0.151,-0.188,1.021,-5.432,6.653,3.540
0.152,-0.190,1.012,-4.822,7.263,3.113
0.146,-0.190,1.006,-3.784,9.155,3.052
0.150,-0.188,1.007,-2.136,11.719,2.808
0.151,-0.189,1.010,-1.343,13.245,2.441

0.336,1.369,1.779,-3.662,-44.006,8.728
0.513,1.910,1.787,-10.559,-58.838,10.803
0.583,2.542,1.729,-22.095,-60.974,23.865
0.515,3.202,1.605,-39.673,-41.809,49.805
0.279,3.730,1.370,-59.875,-2.319,82.153
-0.013,3.964,1.067,-75.195,48.401,107.727
-0.401,3.892,0.826,-78.491,84.045,118.408
-0.899,3.653,0.566,-77.087,82.703,111.633
-1.321,3.271,0.294,-74.585,47.913,80.994
-1.671,2.584,0.075,-56.641,-4.578,24.353
-1.976,1.459,-0.161,-23.621,-49.683,-41.321
-2.221,0.053,-0.431,13.672,-53.833,-96.130
-2.354,-1.673,-0.761,46.448,-3.357,-130.371
-1.844,-3.749,-0.890,84.595,67.322,-168.518
-0.724,-4.000,-0.645,145.691,86.792,-232.910
0.373,-4.000,0.209,237.671,28.503,-300.293
1.303,-4.000,1.152,314.758,-80.078,-336.365
1.913,-4.000,1.603,294.556,-167.236,-335.083
2.274,-4.000,1.875,235.352,-153.992,-297.058
2.506,-4.000,1.956,185.913,-35.400,-195.801
2.216,-3.823,1.867,120.422,107.178,-66.833
1.431,-3.154,1.541,42.236,181.824,39.063
0.627,-2.449,1.184,-29.114,182.556,113.098
-0.164,-1.750,0.786,-82.458,128.235,150.879
-0.731,-1.132,0.427,-110.779,53.528,154.663
-1.019,-0.670,0.274,-109.436,-0.610,140.869
-1.103,-0.365,0.393,-90.637,-22.888,124.634
-1.048,-0.168,0.565,-74.341,-26.306,107.239
-0.923,-0.028,0.640,-67.871,-19.592,87.219
-0.773,0.120,0.633,-62.622,-7.446,68.237
-0.629,0.234,0.664,-50.659,5.615,55.908
-0.524,0.287,0.729,-35.156,13.489,48.889
-0.424,0.293,0.800,-21.057,13.550,39.795
-0.282,0.249,0.881,-8.362,7.690,27.344
-0.112,0.142,0.957,1.404,-0.305,15.259
0.042,0.015,1.033,9.216,-7.874,7.874
0.160,-0.086,1.096,15.503,-11.902,6.226
0.235,-0.186,1.161,18.799,-11.597,8.179
0.287,-0.258,1.192,16.602,-9.888,11.108
0.290,-0.299,1.173,7.629,-8.484,15.076
0.272,-0.321,1.118,-3.235,-6.775,19.043
0.242,-0.316,1.026,-12.573,-6.470,20.996
0.205,-0.302,0.950,-17.273,-6.531,20.813
0.172,-0.270,0.912,-17.456,-4.822,20.203
0.140,-0.264,0.874,-16.785,-2.319,18.250
0.121,-0.266,0.825,-15.564,0.916,14.954
0.123,-0.274,0.822,-11.353,5.798,11.414
0.130,-0.299,0.875,-6.165,10.498,9.155
0.131,-0.309,0.911,-4.028,11.902,7.935
0.118,-0.316,0.915,-5.798,9.827,7.202
0.110,-0.315,0.922,-6.470,7.935,6.836
0.094,-0.305,0.935,-6.653,7.935,5.249
0.102,-0.308,0.950,-7.019,8.972,2.747
0.101,-0.318,0.961,-7.080,7.690,0.854
0.109,-0.341,0.983,-5.859,4.395,-0.305
0.123,-0.363,1.012,-4.700,1.282,-1.709
0.130,-0.364,1.044,-4.761,-0.977,-2.625
0.154,-0.384,1.049,-6.226,-1.587,-3.418
0.179,-0.403,1.050,-7.690,0.000,-3.113
0.197,-0.395,1.064,-6.592,5.493,-0.061
0.191,-0.371,1.081,-5.798,13.245,5.981
0.163,-0.347,1.085,-7.507,20.752,11.475
0.143,-0.323,1.062,-10.071,24.414,13.977
0.130,-0.289,1.024,-11.414,23.621,13.733
0.119,-0.264,0.989,-10.254,19.653,12.512
0.114,-0.254,0.985,-6.836,15.442,10.498
0.117,-0.234,0.989,-4.150,11.536,7.690
0.138,-0.230,0.994,-2.258,7.507,4.822
0.166,-0.239,1.015,0.305,3.418,3.052
0.183,-0.239,1.040,2.319,-0.122,2.930
0.175,-0.212,1.049,3.174,-0.671,3.540
0.174,-0.187,1.054,3.113,2.991,4.700
0.172,-0.174,1.041,1.038,7.629,7.629
0.158,-0.148,1.003,-1.038,10.620,11.047
0.133,-0.123,0.995,-0.183,11.230,13.306
0.119,-0.106,1.005,0.916,9.766,13.489
0.124,-0.102,1.003,0.183,4.944,11.230
0.137,-0.108,0.991,-1.465,-1.953,7.263
0.155,-0.111,0.980,-2.441,-7.385,4.333
0.164,-0.115,0.972,-2.380,-9.277,3.418
0.166,-0.117,0.971,-1.526,-6.836,3.784
0.172,-0.128,0.968,-1.404,-2.380,4.822
0.176,-0.135,0.975,-2.441,1.526,6.714
0.171,-0.125,0.983,-4.028,2.686,7.996
0.165,-0.124,0.983,-6.531,0.977,8.911
0.151,-0.117,0.975,-8.972,-2.380,8.789
0.155,-0.109,0.971,-10.437,-6.165,7.812
0.147,-0.106,0.967,-11.108,-9.888,6.653
0.148,-0.120,0.958,-11.719,-12.573,4.211
0.160,-0.125,0.942,-11.597,-15.381,0.916
0.167,-0.137,0.935,-10.620,-18.005,-0.671
0.165,-0.152,0.953,-8.667,-19.348,-1.221
0.171,-0.169,0.980,-6.714,-18.066,-1.709
0.183,-0.187,0.986,-5.920,-13.977,-1.038
0.173,-0.179,0.999,-4.211,-6.104,0.549
0.171,-0.172,1.010,-2.380,1.465,2.441
0.156,-0.173,1.008,-1.648,5.737,3.967
0.153,-0.174,1.004,-1.282,6.775,4.333
0.148,-0.169,1.000,-1.038,6.592,3.845
0.140,-0.170,0.999,-0.244,6.042,3.601
0.133,-0.175,1.012,1.038,6.409,2.563
0.136,-0.180,1.022,0.916,6.836,1.526
0.131,-0.184,1.025,-0.671,6.348,0.549
0.125,-0.192,1.028,-2.380,5.371,0.122
0.126,-0.199,1.029,-3.906,3.540,-0.977
0.142,-0.197,1.028,-4.456,1.404,-2.014
0.146,-0.190,1.024,-4.272,-0.793,-2.258
0.162,-0.198,1.037,-3.845,-1.892,-2.319
0.180,-0.200,1.057,-4.333,-2.930,-2.075
0.178,-0.201,1.061,-5.798,-2.686,-0.671
0.176,-0.205,1.064,-7.141,-0.183,1.099
0.180,-0.217,1.062,-7.629,3.906,2.686
0.182,-0.222,1.064,-7.751,7.385,4.150
0.185,-0.216,1.064,-8.484,9.827,5.676
0.177,-0.207,1.047,-9.766,9.094,6.714
0.173,-0.198,1.032,-9.949,7.263,7.324
0.173,-0.198,1.025,-8.484,5.310,7.141
0.177,-0.205,1.035,-6.287,3.418,6.470
0.174,-0.204,1.044,-4.761,2.197,5.920

0.712,1.549,1.447,45.654,38.757,24.414
0.989,2.078,1.596,54.932,24.292,27.710
1.153,2.518,1.740,56.458,1.953,29.236
1.086,2.796,1.838,45.654,-23.437,35.828
0.850,2.996,1.765,23.804,-39.795,48.584
0.629,3.184,1.581,-0.732,-31.189,63.232
0.366,3.436,1.329,-17.212,-4.639,81.787
-0.032,3.561,1.080,-23.315,33.630,110.596
-0.547,3.430,0.850,-19.592,73.059,131.042
-1.116,3.055,0.701,-11.658,94.055,122.009
-1.588,2.542,0.572,-4.456,82.214,80.566
-2.014,1.757,0.395,-0.244,38.269,15.137
-2.230,0.558,0.203,6.714,-7.080,-53.833
-2.177,-1.088,-0.069,3.296,-20.203,-109.924
-1.917,-2.961,-0.429,-22.461,-3.479,-150.513
-1.821,-4.000,-1.006,-36.743,12.756,-188.171
-1.518,-4.000,-1.116,26.794,19.043,-251.343
-0.093,-4.000,-0.110,191.772,-2.747,-350.952
1.098,-4.000,1.441,345.215,-109.375,-422.791
1.821,-4.000,2.642,353.821,-253.845,-395.142
2.118,-4.000,2.644,239.014,-316.345,-289.490
2.093,-3.643,2.162,106.567,-186.829,-162.842
1.597,-3.190,1.771,17.090,35.889,-64.148
0.906,-2.704,1.135,-49.255,179.199,43.457
-0.097,-2.210,0.689,-99.487,210.266,135.376
-0.845,-1.719,0.349,-123.840,144.897,171.753
-1.131,-1.179,0.009,-135.254,42.175,165.039
-1.175,-0.712,-0.255,-132.080,-23.437,145.447
-1.040,-0.477,-0.245,-107.239,-32.532,129.150
-0.816,-0.317,-0.069,-77.148,-12.268,123.047
-0.665,-0.224,0.140,-56.335,9.644,122.498
-0.533,-0.121,0.370,-44.373,21.729,119.934
-0.439,-0.035,0.595,-36.499,18.005,111.633
-0.377,0.027,0.806,-29.907,0.488,95.520
-0.309,0.050,0.984,-22.156,-19.592,73.914
-0.229,0.025,1.156,-12.268,-31.250,51.270
-0.155,-0.000,1.274,-6.592,-31.433,33.936
-0.079,-0.059,1.302,-7.019,-23.804,22.705
0.037,-0.060,1.252,-10.254,-11.230,16.235
0.097,-0.046,1.152,-14.038,0.793,15.808
0.124,-0.029,1.054,-15.747,10.742,17.151
0.157,-0.026,0.985,-16.296,13.977,17.212
0.178,-0.036,0.929,-16.541,7.812,18.311
0.160,-0.018,0.879,-14.160,-1.160,18.372
0.139,0.017,0.875,-9.460,-4.333,18.616
0.135,0.006,0.919,-5.493,-1.343,20.935
0.143,0.015,0.981,-5.066,3.174,24.658
0.075,0.037,0.995,-8.728,6.653,29.175
0.028,0.093,0.977,-13.733,9.460,33.447
0.011,0.130,0.968,-15.625,11.230,35.095
0.002,0.125,0.980,-13.489,11.475,34.851
-0.043,0.128,0.989,-10.010,8.484,29.663
-0.055,0.121,1.004,-6.165,4.395,22.522
-0.063,0.097,1.033,-0.183,3.174,15.808
-0.042,0.041,1.112,7.080,7.080,11.230
-0.008,-0.006,1.216,11.536,12.695,8.118
0.004,-0.054,1.285,8.179,13.916,6.775
0.019,-0.074,1.295,-0.244,12.451,5.493
0.021,-0.091,1.256,-9.521,11.597,3.723
0.032,-0.100,1.200,-15.686,12.695,1.221
0.064,-0.117,1.144,-17.944,14.465,-1.709
0.109,-0.127,1.092,-16.663,15.564,-3.357
0.143,-0.137,1.057,-13.184,17.151,-3.601
0.160,-0.167,1.046,-9.399,19.226,-3.113
0.200,-0.194,1.054,-6.653,20.630,-2.930
0.224,-0.191,1.062,-5.493,20.630,-2.258
0.220,-0.179,1.070,-6.409,20.508,0.122
0.196,-0.152,1.071,-7.812,20.813,3.967
0.166,-0.124,1.064,-9.399,20.752,6.897
0.146,-0.098,1.050,-11.169,19.531,8.240
0.140,-0.071,1.026,-12.634,15.564,8.179
0.135,-0.065,1.001,-14.282,10.498,8.179
0.143,-0.068,0.998,-14.709,5.737,7.935
0.149,-0.067,0.996,-14.465,1.953,8.850
0.150,-0.061,0.997,-13.306,0.488,10.925
0.126,-0.051,0.987,-11.230,1.526,13.367
0.110,-0.029,1.009,-8.972,6.287,14.648
0.102,-0.040,1.028,-7.996,12.634,15.564
0.104,-0.040,1.033,-8.728,17.212,15.198
0.103,-0.020,1.004,-10.315,19.348,13.611
0.090,-0.005,0.985,-11.108,19.470,12.268
0.096,0.005,0.973,-10.071,15.320,9.949
0.103,0.010,0.970,-7.935,7.446,5.676
0.120,0.010,0.982,-4.822,1.343,1.953
0.144,-0.000,1.003,-2.014,-0.488,0.732
0.150,-0.009,1.014,-0.366,0.488,2.686
0.148,-0.027,1.016,0.671,3.784,5.188
0.163,-0.032,1.014,2.441,9.399,7.324
0.172,-0.037,1.002,4.883,15.991,9.094
0.186,-0.036,1.001,7.751,22.583,11.047
0.184,-0.027,1.020,9.827,26.001,12.512
0.170,-0.033,1.035,7.141,21.423,10.803
0.158,-0.034,1.021,0.305,5.920,4.822
0.161,-0.019,1.004,-6.897,-14.465,-4.456
0.169,-0.013,0.966,-13.245,-34.241,-13.245
0.162,-0.001,0.923,-14.526,-44.739,-18.799
0.156,-0.012,0.903,-8.423,-39.673,-20.081
0.175,-0.011,0.920,2.136,-23.010,-18.005
0.193,-0.035,0.954,10.376,-6.287,-13.184
0.201,-0.048,0.979,13.733,4.272,-7.324
0.200,-0.050,0.999,11.841,8.728,-1.892
0.184,-0.049,0.995,7.690,9.460,2.991
0.156,-0.046,0.981,3.845,9.949,6.226
0.143,-0.052,0.969,2.014,11.902,7.080
0.139,-0.070,0.973,1.831,13.611,6.348
0.136,-0.085,0.979,3.113,13.855,4.578
0.132,-0.097,0.999,3.601,13.123,1.953
0.136,-0.111,1.013,2.991,12.207,-1.465
0.154,-0.120,1.012,2.136,11.719,-4.028
0.174,-0.129,1.018,3.052,11.841,-4.395
0.194,-0.143,1.048,4.761,12.451,-2.258
0.200,-0.150,1.066,4.761,11.719,0.488
0.200,-0.150,1.075,2.625,10.193,2.625
0.205,-0.151,1.070,0.183,8.850,3.174
0.209,-0.149,1.063,-2.075,8.240,4.395
0.211,-0.145,1.063,-3.784,7.507,6.592
0.200,-0.130,1.071,-5.310,6.104,8.606
0.175,-0.108,1.079,-7.446,5.127,9.644
0.158,-0.096,1.086,-10.498,6.348,8.423

0.323,1.515,1.473,27.954,5.493,1.709
0.313,2.022,1.511,17.578,-45.471,-5.249
0.281,2.682,1.544,11.169,-84.534,-2.563
0.169,3.275,1.635,8.972,-91.187,12.390
0.047,3.538,1.724,8.972,-71.228,31.677
-0.002,3.352,1.799,13.062,-44.800,39.429
0.006,3.041,1.864,16.541,-32.715,28.259
0.025,2.683,1.837,11.536,-38.269,10.193
-0.003,2.388,1.711,-6.348,-47.913,-1.587
-0.218,1.991,1.473,-31.921,-46.570,-1.160
-0.555,1.555,1.231,-58.411,-20.630,25.391
-1.683,0.416,0.197,-124.146,101.379,36.621
-2.178,-0.223,-0.501,-156.494,175.415,24.841
-2.537,-1.120,-1.156,-173.706,235.901,-17.151
-2.663,-2.259,-1.579,-158.813,268.433,-90.637
-2.332,-3.836,-1.838,-110.596,253.235,-184.937
-1.338,-4.000,-1.710,5.676,168.091,-307.434
0.029,-4.000,-0.734,235.352,20.508,-447.021
1.465,-4.000,1.053,477.722,-148.926,-496.643
2.681,-4.000,3.026,544.312,-332.092,-406.799
2.803,-4.000,4.000,439.697,-476.624,-257.935
2.560,-3.850,4.000,265.198,-397.644,-121.399
2.056,-3.508,4.000,57.373,-92.590,-24.536
0.988,-3.185,2.573,-139.099,194.702,90.820
-0.421,-2.717,0.825,-255.371,341.797,202.209
-1.110,-2.058,-0.168,-238.220,341.675,241.333
-1.259,-1.352,-0.506,-150.818,205.261,214.783
-1.278,-0.670,-0.636,-87.952,21.118,170.898
-1.123,-0.266,-0.734,-62.378,-104.370,121.887
-0.753,-0.152,-0.525,-39.917,-122.192,82.642
-0.438,-0.060,-0.215,-25.085,-84.961,76.782
-0.398,0.054,-0.068,-30.029,-55.847,99.976
-0.487,0.169,0.026,-33.264,-43.274,112.976
-0.444,0.204,0.254,-23.376,-40.222,102.539
-0.356,0.206,0.512,-9.766,-46.204,81.848
-0.297,0.177,0.679,-1.160,-52.795,60.242
-0.264,0.142,0.872,8.606,-50.720,39.978
-0.177,0.089,1.115,20.996,-45.532,23.682
-0.091,0.000,1.327,24.231,-45.959,15.808
-0.054,-0.052,1.437,16.907,-42.908,15.381
-0.022,-0.085,1.446,6.287,-28.320,19.165
-0.007,-0.087,1.396,-2.991,-7.507,21.912
0.011,-0.091,1.292,-8.362,11.902,21.667
0.050,-0.100,1.202,-10.376,25.391,18.738
0.080,-0.078,1.104,-12.146,30.090,14.404
0.105,-0.043,1.004,-13.000,31.067,9.766
0.142,-0.041,0.965,-10.620,31.250,5.554
0.202,-0.047,0.977,-5.981,30.334,2.380
0.282,-0.008,1.013,-3.357,29.968,2.197
0.282,0.016,1.026,-3.601,31.860,6.287
0.295,-0.000,1.051,-5.493,35.767,11.353
0.247,0.020,1.030,-9.033,35.767,12.756
0.349,-0.011,1.004,-15.564,25.757,12.390
0.277,-0.004,0.934,-17.578,6.775,6.653
0.273,0.008,0.936,-13.489,-8.179,1.221
0.257,-0.010,0.982,-6.958,-13.794,-1.038
0.278,-0.005,1.065,0.427,-11.169,-1.587
0.241,-0.018,1.167,5.432,-5.005,2.869
0.188,-0.048,1.236,5.554,0.977,6.958
0.172,-0.059,1.273,2.991,5.859,6.165
0.167,-0.049,1.245,-1.465,7.080,3.113
0.170,-0.047,1.194,-3.967,5.798,0.793
0.191,-0.074,1.143,-4.211,5.432,-0.122
0.218,-0.104,1.086,-3.723,6.287,-0.427
0.243,-0.122,1.044,-1.770,7.751,0.488
0.254,-0.154,1.039,0.977,9.583,2.014
0.278,-0.192,1.046,2.380,10.132,2.686
0.302,-0.207,1.039,2.441,8.850,4.700
0.294,-0.207,1.025,1.831,8.057,8.057
0.263,-0.206,1.003,-0.488,10.437,12.390
0.238,-0.195,0.958,-2.563,14.465,15.320
0.201,-0.177,0.923,-1.770,17.822,16.357
0.202,-0.153,0.940,0.916,20.081,15.808
0.178,-0.126,0.962,1.221,17.273,14.954
0.163,-0.100,0.979,0.610,11.414,13.245
0.164,-0.072,1.007,0.793,5.859,11.353
0.170,-0.084,1.049,0.854,0.671,11.047
0.185,-0.107,1.088,-0.061,-3.479,10.620
0.168,-0.101,1.112,-2.502,-5.798,10.254
0.148,-0.125,1.125,-5.493,-5.249,10.437
0.141,-0.136,1.126,-7.874,-3.174,10.071
0.135,-0.140,1.108,-9.644,-1.526,8.179
0.142,-0.141,1.092,-10.132,-0.916,6.287
0.160,-0.153,1.089,-10.620,-0.610,5.188
0.173,-0.158,1.066,-11.902,-0.977,4.272
0.177,-0.158,1.017,-12.268,-0.793,3.296
0.204,-0.176,1.001,-10.315,1.953,3.723
0.237,-0.184,1.002,-9.155,4.944,4.944
0.234,-0.181,0.970,-10.986,7.935,8.057
0.200,-0.170,0.913,-12.268,13.855,11.597
0.185,-0.174,0.883,-10.254,20.142,12.695
0.181,-0.157,0.865,-6.592,21.423,10.803
0.154,-0.149,0.860,-3.296,15.198,7.568
0.172,-0.151,0.874,-0.061,5.615,2.319
0.203,-0.191,0.902,2.319,-4.089,-3.662
0.246,-0.196,0.949,3.540,-11.353,-7.385
0.252,-0.206,0.978,2.869,-12.634,-5.554
0.240,-0.193,0.992,1.221,-7.141,-0.977
0.210,-0.176,0.972,-1.526,2.136,6.042
0.197,-0.148,0.966,-2.991,12.390,13.733
0.164,-0.151,0.975,-5.005,21.118,20.081
0.135,-0.150,1.002,-8.057,22.339,23.071
0.123,-0.136,1.039,-12.207,17.395,20.508
0.117,-0.133,1.046,-19.104,10.437,16.174
0.119,-0.115,1.018,-24.841,6.042,13.489
0.107,-0.114,0.978,-25.024,6.531,11.719
0.099,-0.089,0.960,-18.555,10.803,9.949
0.113,-0.054,0.986,-9.949,14.893,7.935
0.124,-0.049,0.984,-5.432,13.428,5.249
0.136,-0.022,0.977,-3.235,9.277,2.808
0.151,-0.008,0.994,-2.563,7.080,0.366
0.185,-0.018,0.995,-4.150,5.859,-1.038
0.193,-0.016,0.971,-8.118,2.136,-1.282
0.201,-0.008,0.939,-11.230,-0.488,-2.014
0.217,-0.014,0.924,-10.925,0.488,-2.136
0.235,-0.021,0.909,-9.216,3.357,-0.854
0.247,-0.037,0.900,-6.897,4.822,2.380
0.256,-0.048,0.909,-3.052,5.188,4.883
0.282,-0.063,0.937,0.488,5.554,5.798

0.583,1.931,1.480,0.488,-29.968,18.555
0.825,2.643,1.563,3.601,-40.527,18.066
0.950,3.164,1.765,8.301,-42.175,26.367
0.933,3.420,1.954,8.301,-40.833,42.969
0.843,3.529,1.992,-0.977,-33.569,58.167
0.806,3.634,1.879,-22.217,-17.578,76.965
0.669,3.688,1.577,-49.011,-3.906,102.661
0.412,3.688,1.152,-66.772,5.554,126.282
0.008,3.614,0.723,-68.970,19.653,139.099
-0.506,3.363,0.427,-58.472,34.363,138.367
-1.101,2.921,0.185,-35.645,30.640,113.403
-1.536,2.208,0.047,-5.188,6.714,55.237
-1.674,1.202,0.004,26.184,-20.508,-22.583
-1.613,-0.024,-0.175,46.692,-33.447,-89.111
-1.647,-1.544,-0.671,48.767,-10.193,-119.934
-1.856,-3.578,-1.391,49.988,51.270,-124.634
-1.466,-4.000,-1.664,90.881,109.619,-144.775
-0.468,-4.000,-0.788,203.308,100.464,-208.923
0.466,-4.000,0.359,325.500,-8.789,-269.897
1.087,-4.000,1.113,312.988,-150.940,-285.889
1.653,-4.000,1.691,233.887,-222.290,-273.621
1.986,-4.000,1.773,161.255,-187.195,-208.496
1.797,-4.000,1.651,85.449,-62.744,-96.252
0.949,-3.446,1.308,11.108,61.462,20.081
0.086,-2.821,0.846,-51.392,126.648,109.375
-0.589,-2.238,0.486,-88.684,126.892,143.738
-0.922,-1.734,0.122,-107.422,75.378,144.897
-1.114,-1.188,-0.124,-113.892,13.184,135.071
-1.076,-0.834,-0.138,-97.839,-25.269,122.681
-0.904,-0.582,0.034,-73.608,-42.297,108.765
-0.688,-0.342,0.245,-59.509,-47.058,99.182
-0.526,-0.052,0.388,-53.284,-41.077,97.107
-0.388,0.243,0.510,-45.410,-25.085,92.102
-0.339,0.524,0.668,-32.227,-12.878,81.482
-0.369,0.691,0.850,-17.639,-14.832,67.688
-0.383,0.701,0.984,-7.568,-23.804,49.194
-0.378,0.604,1.112,3.479,-30.945,28.809
-0.307,0.412,1.286,16.296,-31.311,11.353
-0.181,0.198,1.433,25.146,-26.428,-0.183
0.017,0.033,1.501,23.437,-14.587,-3.540
0.147,-0.061,1.435,14.893,1.038,-2.075
0.244,-0.148,1.318,6.653,17.517,1.160
0.339,-0.183,1.213,1.038,23.682,4.456
0.369,-0.144,1.118,-5.127,14.465,4.944
0.363,-0.117,1.119,-9.277,2.380,3.418
0.363,-0.129,1.134,-12.451,-5.981,0.244
0.320,-0.138,1.166,-16.907,-10.986,-0.916
0.255,-0.149,1.187,-19.287,-9.644,0.793
0.201,-0.161,1.206,-19.958,-0.122,2.258
0.164,-0.170,1.209,-20.264,12.878,5.249
0.133,-0.148,1.183,-20.386,24.414,7.996
0.134,-0.132,1.142,-20.203,31.189,9.949
0.149,-0.128,1.068,-20.752,31.555,10.437
0.198,-0.144,1.012,-19.470,24.719,9.705
0.228,-0.143,1.015,-16.479,14.282,7.507
0.243,-0.145,1.032,-15.747,4.761,5.432
0.255,-0.145,1.073,-17.090,0.427,5.920
0.223,-0.136,1.091,-19.348,2.136,9.949
0.196,-0.136,1.101,-21.423,8.362,14.465
0.160,-0.116,1.098,-22.583,15.686,18.188
0.115,-0.086,1.067,-22.278,24.292,19.104
0.107,-0.067,1.055,-19.714,31.738,16.968
0.119,-0.057,1.042,-18.921,30.273,12.451
0.133,-0.060,1.004,-21.179,21.423,7.263
0.158,-0.062,0.955,-22.644,13.733,3.418
0.180,-0.080,0.932,-19.775,12.817,1.770
0.208,-0.109,0.943,-14.343,16.052,1.587
0.239,-0.130,0.977,-10.315,17.151,2.136
0.242,-0.127,0.987,-10.742,15.381,3.418
0.241,-0.123,0.980,-13.245,14.099,5.249
0.230,-0.112,0.965,-15.259,13.000,7.324
0.215,-0.085,0.957,-15.747,11.475,8.728
0.192,-0.058,0.953,-15.259,10.620,10.071
0.163,-0.051,0.946,-14.282,10.925,11.292
0.147,-0.046,0.944,-12.024,11.963,10.193
0.145,-0.053,0.946,-8.728,12.878,7.324
0.155,-0.074,0.967,-5.676,11.719,4.700
0.172,-0.085,0.991,-4.211,8.179,1.648
0.188,-0.094,1.002,-5.127,3.174,-0.732
0.199,-0.101,0.999,-7.446,-1.526,-1.709
0.211,-0.120,0.975,-8.972,-4.456,-1.709
0.218,-0.121,0.957,-8.240,-3.906,-1.221
0.232,-0.141,0.942,-6.653,-2.258,-0.305
0.235,-0.132,0.940,-4.578,-1.770,0.000
0.224,-0.101,0.945,-2.319,-2.014,0.977
0.200,-0.091,0.944,-1.282,-2.808,0.732
0.196,-0.079,0.949,0.671,-6.287,-1.953
0.190,-0.071,0.961,3.662,-9.705,-4.211
0.196,-0.089,0.992,6.104,-10.498,-5.798
0.207,-0.102,1.021,6.287,-9.399,-5.432
0.192,-0.109,1.020,4.272,-7.935,-3.235
0.187,-0.109,1.016,2.625,-4.944,-1.953
0.181,-0.101,1.017,2.319,-1.831,-0.366
0.164,-0.108,1.019,1.770,-0.061,2.808
0.142,-0.100,1.031,0.854,1.648,4.028
0.133,-0.091,1.042,-0.610,2.991,3.784
0.128,-0.101,1.043,-2.686,2.869,2.808
0.119,-0.098,1.037,-4.578,1.587,1.526
0.117,-0.097,1.034,-6.592,-0.366,-0.488
0.123,-0.114,1.016,-8.179,-3.418,-1.953
0.128,-0.127,1.005,-7.690,-6.226,-3.845
0.143,-0.136,1.013,-5.127,-7.568,-5.249
0.145,-0.145,1.024,-3.052,-6.653,-5.005
0.145,-0.160,1.029,-1.587,-3.601,-4.028
0.155,-0.165,1.038,0.488,0.061,-3.906
0.157,-0.161,1.046,1.587,2.869,-3.357
0.158,-0.161,1.057,1.892,4.395,-2.625
0.158,-0.167,1.068,1.099,5.188,-2.686
0.153,-0.170,1.053,-0.549,5.371,-2.930
0.158,-0.175,1.034,-0.183,5.676,-3.479
0.154,-0.174,1.026,1.160,6.042,-4.700
0.157,-0.173,1.021,2.014,6.592,-5.066
0.158,-0.178,1.015,1.648,6.897,-5.188
0.161,-0.187,1.010,0.732,7.446,-4.395
0.154,-0.188,0.999,-0.488,8.240,-3.052
0.146,-0.180,0.985,-0.366,8.911,-2.075
0.138,-0.181,0.982,-0.244,9.827,-1.404
0.141,-0.173,0.995,-0.793,9.583,-1.404
0.133,-0.164,0.992,-2.441,8.057,-1.587

0.613,1.693,1.792,59.509,-14.404,17.212
0.989,2.320,1.904,68.909,-13.733,15.442
1.343,2.884,2.007,68.909,-20.142,18.066
1.525,3.218,1.976,51.880,-39.307,29.785
1.484,3.276,1.709,24.536,-62.378,47.424
1.475,3.157,1.385,7.141,-69.824,62.500
1.308,3.070,1.154,6.348,-67.261,66.528
1.024,3.068,1.002,4.761,-67.749,78.247
0.555,3.053,0.861,-0.977,-71.655,106.201
-0.242,2.865,0.688,-6.470,-66.528,138.672
-1.275,2.560,0.517,-12.634,-35.950,169.800
-2.358,2.108,0.334,-19.958,16.724,193.237
-3.362,1.061,0.006,-23.071,75.378,175.293
-3.950,-0.135,-0.510,-27.832,125.488,92.041
-3.814,-1.563,-1.147,-32.593,159.729,-28.992
-3.221,-3.503,-1.664,-7.874,162.537,-155.701
-2.071,-4.000,-1.814,67.993,127.808,-296.753
-0.058,-4.000,-1.083,195.068,48.645,-442.261
1.999,-4.000,-0.016,293.701,-77.759,-510.315
3.635,-4.000,1.241,295.715,-191.040,-434.937
4.000,-4.000,2.389,240.051,-219.360,-261.597
3.745,-4.000,2.906,160.095,-100.708,-92.285
2.630,-4.000,2.485,34.180,93.994,40.710
0.795,-3.999,1.403,-107.666,215.698,163.574
-0.788,-3.188,0.592,-183.472,230.652,236.206
-1.305,-2.358,0.277,-180.115,143.372,228.394
-1.512,-1.609,0.140,-153.076,18.250,184.814
-1.491,-0.957,0.064,-135.925,-57.007,153.076
-1.400,-0.496,0.075,-118.347,-63.416,133.667
-1.170,-0.140,0.223,-96.497,-32.959,118.652
-0.916,0.167,0.304,-78.918,-10.559,107.605
-0.673,0.484,0.330,-66.956,-7.141,99.976
-0.519,0.711,0.382,-53.223,-12.085,96.130
-0.501,0.850,0.505,-35.400,-20.142,90.088
-0.601,0.925,0.617,-20.874,-29.541,77.393
-0.695,0.885,0.731,-11.230,-35.828,56.274
-0.701,0.762,0.870,-1.404,-37.170,31.555
-0.658,0.617,1.023,8.179,-31.982,10.132
-0.474,0.451,1.173,16.541,-20.386,-5.127
-0.202,0.304,1.289,19.592,-7.629,-14.526
0.088,0.219,1.308,13.489,-0.061,-15.137
0.213,0.146,1.232,0.122,-2.258,-9.521
0.280,0.075,1.133,-10.071,-6.226,-2.502
0.327,0.024,1.072,-13.306,-3.906,0.610
0.352,-0.005,1.048,-14.954,0.427,-0.122
0.350,-0.023,1.028,-16.418,0.977,-0.671
0.330,-0.031,0.996,-18.555,1.648,-1.831
0.295,-0.036,0.960,-18.188,5.737,-2.869
0.271,-0.014,0.954,-14.587,14.587,-4.944
0.249,-0.003,0.937,-13.367,22.827,-5.798
0.231,0.011,0.900,-12.939,24.780,-6.836
0.236,0.020,0.865,-10.559,22.400,-8.362
0.271,0.000,0.884,-5.066,18.311,-8.728
0.295,-0.010,0.932,-0.061,15.259,-5.737
0.282,-0.030,0.971,1.343,14.832,-2.014
0.280,-0.075,1.016,1.282,18.066,1.465
0.256,-0.102,1.060,1.038,21.667,5.554
0.208,-0.107,1.097,1.404,25.635,8.118
0.188,-0.129,1.116,0.854,29.846,7.935
0.186,-0.157,1.125,-1.221,30.945,4.578
0.231,-0.194,1.139,-2.869,28.503,-0.671
0.282,-0.218,1.154,-5.127,22.400,-3.235
0.319,-0.234,1.149,-8.057,16.785,-3.479
0.340,-0.238,1.129,-10.315,15.137,-3.174
0.341,-0.224,1.113,-10.498,16.663,-3.052
0.333,-0.202,1.122,-9.460,19.226,-0.977
0.306,-0.172,1.129,-8.423,21.423,1.892
0.263,-0.114,1.113,-7.629,24.292,2.197
0.235,-0.108,1.115,-5.676,26.306,1.465
0.251,-0.096,1.130,-4.639,22.339,-0.793
0.224,-0.064,1.120,-7.324,10.437,-2.808
0.192,-0.036,1.079,-10.010,0.610,-4.944
0.203,-0.035,1.047,-9.705,-2.014,-7.751
0.228,-0.052,1.030,-8.179,-1.587,-7.996
0.244,-0.053,1.003,-7.019,-1.221,-5.249
0.259,-0.053,0.974,-6.104,0.244,-3.174
0.284,-0.045,0.945,-4.944,3.845,-2.014
0.301,-0.049,0.921,-2.747,7.019,-0.366
0.312,-0.039,0.905,0.610,8.789,1.160
0.303,-0.024,0.899,3.967,9.644,2.075
0.303,-0.034,0.900,5.798,12.146,2.319
0.328,-0.057,0.917,5.371,12.878,1.343
0.326,-0.070,0.911,1.160,6.531,1.404
0.313,-0.081,0.891,-3.967,-2.441,1.526
0.297,-0.075,0.880,-6.104,-7.263,0.488
0.274,-0.070,0.887,-4.944,-7.385,0.305
0.246,-0.068,0.906,-2.258,-5.066,0.671
0.222,-0.056,0.934,0.854,-3.296,1.404
0.186,-0.043,0.953,2.747,-2.319,2.136
0.177,-0.054,0.979,3.479,-1.038,2.686
0.169,-0.066,1.003,3.174,0.305,3.052
0.156,-0.073,1.025,1.770,0.610,3.479
0.142,-0.088,1.030,-0.549,0.610,2.991
0.147,-0.101,1.027,-2.625,0.122,0.793
0.156,-0.118,1.021,-3.845,-2.014,-1.526
0.173,-0.138,1.017,-3.723,-4.456,-3.479
0.192,-0.151,1.013,-2.014,-6.042,-6.165
0.220,-0.167,1.016,0.122,-6.042,-8.362
0.244,-0.177,1.020,1.953,-4.211,-8.606
0.254,-0.190,1.015,1.892,-1.343,-6.714
0.264,-0.203,1.008,1.526,1.160,-4.333
0.257,-0.206,1.005,0.671,2.319,-2.869
0.248,-0.209,1.001,-0.610,3.113,-2.380
0.242,-0.215,0.994,-2.197,3.540,-2.258
0.245,-0.221,0.987,-2.258,3.296,-2.197
0.248,-0.211,0.994,-1.526,2.686,-2.136
0.246,-0.204,1.000,-1.160,0.916,-2.014
0.251,-0.202,1.011,-1.831,-0.488,-1.953
0.251,-0.200,1.016,-2.686,-0.488,-0.977
0.246,-0.194,1.022,-2.991,1.099,1.282
0.237,-0.192,1.032,-3.235,4.089,2.869
0.229,-0.182,1.030,-4.395,7.324,4.456
0.227,-0.168,1.019,-5.371,9.094,5.188
0.219,-0.154,1.006,-5.493,8.972,5.066
0.207,-0.136,0.999,-5.554,6.897,4.822
0.189,-0.123,0.992,-5.127,4.089,4.150
0.190,-0.117,0.997,-4.700,2.258,2.747
0.188,-0.120,1.002,-4.395,1.465,1.526
0.183,-0.118,1.012,-4.150,1.038,0.488

0.422,1.749,1.432,18.127,-23.376,10.071
0.565,2.308,1.691,35.095,-41.321,12.329
0.711,2.922,1.916,48.035,-56.641,9.705
0.861,3.370,2.044,51.941,-59.814,5.371
0.935,3.517,2.032,41.138,-48.340,6.836
1.013,3.563,1.898,20.447,-28.564,13.489
1.072,3.612,1.703,5.493,-11.475,23.865
0.959,3.613,1.560,-1.099,-7.751,42.542
0.637,3.460,1.425,-5.493,-18.860,72.205
0.083,2.994,1.155,-12.329,-30.029,101.868
-0.684,2.362,0.822,-29.785,-23.254,112.183
-1.788,1.656,0.179,-59.387,3.723,113.464
-3.248,0.498,-0.917,-79.651,64.819,113.770
-4.000,-1.187,-1.823,-82.520,172.363,87.524
-4.000,-3.281,-2.664,-57.251,254.822,-9.888
-3.845,-4.000,-2.868,50.415,242.737,-207.947
-1.370,-4.000,-1.863,260.071,114.136,-462.158
1.587,-4.000,-0.165,443.787,-122.375,-601.929
3.462,-4.000,1.606,437.622,-342.896,-524.963
3.849,-4.000,2.964,288.818,-398.926,-314.636
3.732,-4.000,3.144,168.884,-196.350,-101.685
2.616,-4.000,2.892,54.260,115.417,32.837
0.580,-4.000,1.707,-100.830,286.682,166.992
-1.019,-3.163,0.917,-198.486,296.936,257.080
-1.600,-2.210,0.408,-211.365,165.222,244.812
-1.643,-1.389,0.014,-196.289,15.991,188.232
-1.506,-0.725,-0.146,-172.791,-42.908,135.681
-1.366,-0.308,-0.092,-138.123,-39.673,101.013
-1.009,0.061,0.038,-103.882,-36.987,83.923
-0.723,0.383,0.137,-79.163,-40.771,72.632
-0.410,0.560,0.269,-64.392,-40.833,68.970
-0.368,0.688,0.424,-51.697,-38.574,72.144
-0.418,0.799,0.592,-38.452,-37.476,68.481
-0.459,0.834,0.647,-29.358,-40.344,53.894
-0.471,0.813,0.696,-17.029,-44.800,35.828
-0.421,0.789,0.822,-0.793,-41.504,20.386
-0.301,0.722,0.964,11.414,-34.180,7.141
-0.126,0.658,1.102,20.081,-28.198,-4.028
0.032,0.543,1.250,24.292,-23.254,-12.878
0.231,0.431,1.368,20.996,-21.851,-17.883
0.344,0.309,1.402,9.521,-26.062,-17.090
0.455,0.155,1.343,-3.052,-28.870,-14.771
0.526,0.042,1.283,-9.949,-27.283,-16.052
0.577,-0.013,1.230,-12.268,-20.386,-14.893
0.577,-0.031,1.171,-12.024,-9.888,-9.460
0.520,-0.002,1.116,-11.536,-0.244,-4.395
0.430,0.031,1.066,-12.573,5.920,0.000
0.342,0.057,1.028,-15.137,8.240,2.991
0.279,0.054,1.001,-17.334,7.202,2.625
0.296,0.027,1.016,-17.883,5.066,1.953
0.325,0.008,1.017,-18.921,2.258,3.235
0.328,-0.010,0.996,-19.592,2.930,6.409
0.333,-0.033,0.996,-17.395,8.240,10.071
0.319,-0.033,1.011,-13.855,13.123,12.634
0.287,-0.047,1.015,-12.695,14.771,14.160
0.274,-0.082,1.034,-10.925,15.259,14.587
0.271,-0.101,1.057,-9.460,14.709,13.489
0.248,-0.088,1.052,-8.972,13.855,13.550
0.230,-0.075,1.059,-7.690,16.846,13.977
0.227,-0.078,1.068,-6.226,19.409,13.428
0.199,-0.074,1.056,-5.859,19.836,12.634
0.191,-0.077,1.041,-5.371,20.874,11.475
0.185,-0.081,1.046,-3.540,22.949,10.803
0.173,-0.089,1.044,-3.235,23.743,11.841
0.146,-0.103,1.050,-3.418,23.560,14.587
0.139,-0.113,1.069,-3.052,22.827,15.625
0.119,-0.097,1.066,-3.662,19.287,16.052
0.107,-0.094,1.059,-4.272,14.709,15.991
0.117,-0.101,1.067,-4.333,10.315,14.832
0.114,-0.085,1.067,-4.211,7.385,13.550
0.100,-0.072,1.053,-4.517,6.470,13.672
0.086,-0.066,1.052,-3.723,8.057,13.733
0.081,-0.075,1.063,-2.075,11.292,12.817
0.084,-0.082,1.065,-0.977,12.878,12.085
0.078,-0.097,1.061,-0.854,11.536,11.047
0.087,-0.106,1.061,-0.854,9.033,8.362
0.108,-0.126,1.054,-1.892,6.104,5.737
0.136,-0.134,1.043,-3.113,2.747,3.235
0.155,-0.125,1.016,-5.066,0.366,1.892
0.159,-0.113,0.979,-6.653,-0.305,1.282
0.176,-0.110,0.941,-5.859,1.709,1.404
0.191,-0.097,0.935,-2.869,5.188,3.296
0.173,-0.086,0.937,-0.488,7.751,6.165
0.172,-0.091,0.928,0.549,8.423,7.568
0.162,-0.092,0.930,1.953,7.507,7.202
0.168,-0.100,0.953,2.991,5.798,5.859
0.182,-0.114,0.965,1.404,0.488,2.991
0.183,-0.114,0.958,-1.404,-6.348,0.854
0.175,-0.104,0.958,-1.953,-9.705,0.366
0.166,-0.089,0.975,-1.160,-7.385,1.099
0.157,-0.086,0.991,-0.854,-3.784,1.770
0.159,-0.082,1.011,-1.160,-1.953,2.380
0.143,-0.076,1.011,-2.197,-1.282,2.808
0.144,-0.089,1.013,-2.563,-0.305,2.441
0.159,-0.100,1.015,-1.465,1.099,1.160
0.168,-0.102,1.011,0.122,2.808,0.366
0.176,-0.097,1.005,1.831,4.761,-0.488
0.178,-0.099,1.007,3.784,7.385,-0.916
0.180,-0.098,1.022,5.798,9.521,-1.343
0.186,-0.090,1.041,5.798,10.010,-1.465
0.181,-0.084,1.042,3.906,7.629,-1.770
0.182,-0.078,1.037,1.892,5.249,-1.587
0.176,-0.081,1.036,0.244,4.578,-0.793
0.172,-0.077,1.026,-1.160,4.944,-0.793
0.171,-0.082,1.016,-1.709,5.371,-1.343
0.173,-0.097,1.012,-1.160,5.615,-1.709
0.183,-0.104,1.005,0.427,5.920,-2.014
0.194,-0.120,1.009,2.441,6.653,-2.380
0.209,-0.130,1.023,4.272,7.080,-2.380
0.219,-0.142,1.040,4.639,6.775,-2.380
0.241,-0.152,1.058,2.625,5.310,-1.892
0.232,-0.148,1.053,-1.038,1.770,-0.549
0.216,-0.135,1.038,-3.784,-0.977,0.610
0.201,-0.124,1.029,-4.822,-1.099,1.038
0.188,-0.115,1.022,-4.395,-0.610,1.465
0.174,-0.107,1.012,-3.723,-0.488,1.099
0.175,-0.105,1.008,-1.953,-0.061,0.427
0.180,-0.112,1.019,-0.305,0.122,0.061
0.188,-0.112,1.030,0.183,0.244,0.610

0.410,2.008,1.355,42.053,-100.830,-43.884
0.548,2.637,1.599,59.814,-157.288,-57.068
0.606,3.172,2.014,89.050,-181.213,-57.373
0.506,3.479,2.410,112.244,-176.880,-47.302
0.393,3.496,2.756,112.793,-149.292,-29.602
0.429,3.453,2.941,84.778,-106.323,-2.502
0.381,3.295,2.960,34.973,-67.505,38.086
0.220,3.047,2.674,-29.724,-35.767,81.848
-0.076,2.842,2.156,-96.741,-0.977,118.286
-0.748,2.488,1.334,-163.086,38.391,151.489
-1.974,2.062,-0.222,-229.248,87.463,168.213
-3.188,0.747,-2.147,-241.272,157.898,147.583
-3.574,-1.293,-3.124,-147.766,220.154,55.176
-2.800,-2.962,-3.051,15.564,219.971,-119.263
-1.075,-4.000,-2.195,156.433,142.456,-297.180
0.585,-4.000,-1.246,227.600,-16.357,-387.573
1.532,-4.000,-0.520,256.348,-170.715,-383.484
1.443,-4.000,0.300,268.860,-208.496,-302.979
1.538,-4.000,1.156,270.935,-134.827,-217.346
1.623,-4.000,1.933,235.596,-83.313,-164.001
1.178,-4.000,2.445,160.583,-104.126,-121.460
0.838,-4.000,2.606,75.867,-128.174,-70.190
0.451,-3.388,2.541,7.751,-106.689,-19.775
0.048,-2.765,2.122,-49.255,-24.414,26.550
-0.312,-2.292,1.537,-98.816,88.928,73.486
-0.770,-1.873,0.981,-131.714,169.495,112.305
-1.127,-1.446,0.516,-148.621,188.904,129.028
-1.173,-1.034,0.078,-153.137,149.414,128.967
-0.990,-0.622,-0.184,-140.259,93.384,114.502
-0.729,-0.237,-0.270,-117.859,51.575,97.778
-0.501,0.127,-0.266,-95.154,27.466,85.938
-0.324,0.392,-0.174,-72.388,13.794,74.890
-0.239,0.635,0.086,-45.715,4.028,66.223
-0.235,0.724,0.414,-26.184,-13.184,59.082
-0.261,0.709,0.703,-17.456,-36.865,48.157
-0.271,0.627,0.970,-12.451,-50.903,33.752
-0.207,0.437,1.181,-8.728,-50.964,18.555
-0.062,0.260,1.300,-7.629,-45.044,6.714
0.060,0.077,1.336,-8.057,-35.828,4.395
0.167,-0.066,1.318,-7.080,-20.874,5.249
0.293,-0.182,1.324,-6.653,-2.563,4.761
0.404,-0.259,1.271,-11.169,12.146,5.188
0.515,-0.299,1.118,-22.156,33.264,13.062
0.578,-0.271,1.068,-26.123,41.016,21.240
0.550,-0.225,0.996,-32.715,45.227,27.161
0.508,-0.176,0.906,-37.537,29.724,29.297
0.363,-0.089,0.763,-38.330,17.456,28.320
0.277,-0.048,0.760,-33.325,7.935,25.757
0.209,-0.028,0.783,-27.954,2.686,20.630
0.157,-0.030,0.806,-23.499,0.122,16.602
0.119,-0.030,0.852,-18.738,4.700,15.808
0.108,-0.039,0.904,-12.634,17.090,15.930
0.099,-0.038,0.957,-8.118,28.809,13.611
0.106,-0.058,0.983,-6.592,35.339,12.512
0.124,-0.068,0.998,-4.700,39.185,12.207
0.147,-0.047,1.032,-1.099,39.795,10.620
0.191,-0.047,1.082,0.549,34.973,8.911
0.213,-0.044,1.103,-1.343,23.804,7.263
0.211,-0.027,1.102,-3.235,13.123,5.737
0.214,-0.024,1.111,-3.113,9.094,4.761
0.213,-0.016,1.119,-1.831,11.230,4.333
0.205,-0.038,1.113,-1.587,15.686,4.517
0.201,-0.048,1.101,-2.380,20.203,5.493
0.200,-0.050,1.087,-3.052,23.376,6.958
0.187,-0.043,1.070,-2.869,25.513,8.118
0.185,-0.039,1.068,-1.343,27.588,8.728
0.188,-0.035,1.079,0.244,25.513,7.812
0.210,-0.047,1.114,0.793,19.897,5.920
0.231,-0.049,1.128,-1.587,9.766,3.906
0.232,-0.060,1.127,-5.981,-1.587,2.014
0.228,-0.073,1.127,-8.789,-9.460,1.221
0.207,-0.078,1.123,-11.230,-12.329,1.831
0.180,-0.074,1.112,-13.794,-10.620,3.418
0.164,-0.072,1.088,-15.381,-5.310,4.944
0.161,-0.059,1.045,-16.296,1.465,7.019
0.161,-0.045,1.001,-15.991,5.981,8.057
0.167,-0.027,0.970,-13.977,5.859,7.507
0.178,-0.006,0.950,-12.024,2.808,6.287
0.188,0.005,0.931,-10.803,-0.732,5.432
0.190,-0.003,0.928,-9.521,-2.747,4.700
0.204,-0.010,0.938,-8.850,-3.479,4.211
0.195,-0.003,0.932,-9.216,-4.517,2.930
0.206,-0.023,0.918,-10.986,-4.578,1.404
0.223,-0.031,0.911,-11.780,-4.089,0.183
0.227,-0.040,0.899,-11.597,-4.089,0.000
0.229,-0.041,0.896,-9.888,-3.113,0.793
0.228,-0.050,0.908,-7.019,-2.014,0.366
0.252,-0.066,0.941,-4.333,-2.502,-1.526
0.261,-0.071,0.958,-3.601,-5.310,-2.258
0.258,-0.074,0.972,-3.906,-7.812,-2.197
0.250,-0.073,0.979,-4.150,-7.629,-2.136
0.228,-0.068,0.984,-4.272,-5.371,-1.831
0.209,-0.064,0.995,-3.662,-1.099,-1.709
0.204,-0.060,1.001,-3.540,3.235,-1.404
0.197,-0.072,1.005,-4.883,6.775,-0.671
0.218,-0.071,1.000,-6.653,7.874,-0.183
0.221,-0.063,0.980,-7.935,6.531,0.061
0.240,-0.056,0.966,-6.714,5.676,0.366
0.264,-0.062,0.980,-4.395,5.066,0.793
0.261,-0.060,0.998,-3.174,3.540,1.282
0.242,-0.055,1.001,-3.235,3.540,2.014
0.226,-0.055,1.009,-2.991,5.371,1.892
0.211,-0.061,1.027,-1.587,7.263,1.404
0.202,-0.057,1.046,-0.732,9.094,0.671
0.196,-0.062,1.051,-1.282,10.193,0.366
0.197,-0.065,1.046,-2.014,9.583,-0.488
0.205,-0.069,1.037,-2.258,7.568,-1.770
0.222,-0.070,1.034,-1.831,5.188,-2.563
0.233,-0.077,1.029,-1.404,4.517,-2.625
0.243,-0.080,1.025,-0.671,5.127,-2.502
0.250,-0.093,1.025,-0.183,6.165,-2.502
0.252,-0.100,1.025,-0.305,6.897,-2.197
0.249,-0.098,1.028,-1.465,7.507,-1.343
0.237,-0.098,1.019,-3.174,7.202,-0.549
0.227,-0.091,1.008,-4.272,6.348,-0.671
0.223,-0.085,1.009,-4.395,5.676,-1.404
0.227,-0.080,1.010,-3.967,4.578,-1.953
0.229,-0.074,1.024,-3.723,2.808,-2.380
0.236,-0.070,1.027,-4.272,1.038,-2.686
